{
 "linear": {
  "cEnd": [
   0.4193116039976829, 
   0.017845281869418306
  ]
 }, 
 "power": {
  "pMin": 2, 
  "pMax": 3
 }, 
 "iters": 150, 
 "frameCount": 300, 
 "c": [
  0.2554006971384688, 
  0.49021506774970725
 ], 
 "zoom": {
  "rStart": 1e-06, 
  "center": [
   -0.3456171555170176, 
   0.1112937790625427
  ], 
  "rEnd": 1.5
 }, 
 "n": 256, 
 "p": 4, 
 "r": 1.5, 
 "split": 4, 
 "radial": {
  "rad": 0.7450457944408951, 
  "angle": 2.3423443108561095
 }, 
 "seqType": "zoom"
}