{
 "linear": {
  "cEnd": [
   -0.07635591434932626, 
   0.13155130132065296
  ]
 }, 
 "power": {
  "pMin": 2, 
  "pMax": 3
 }, 
 "iters": 150, 
 "frameCount": 300, 
 "c": [
  -0.2517050366891964, 
  0.5997955594751307
 ], 
 "zoom": {
  "rStart": 1e-06, 
  "center": [
   -0.32709424450590802, 
   0.72001253572528789
  ], 
  "rEnd": 1.5
 }, 
 "n": 256, 
 "p": 2, 
 "r": 1.5, 
 "split": 4, 
 "radial": {
  "rad": 0.6200646753229748, 
  "angle": 2.109367606675602
 }, 
 "seqType": "zoom"
}